nan,nan,nan,nan
5.00556,3.34444,1.59630,0.30370
nan,nan,nan,nan
6.31458,2.89583,4.97396,1.70312
nan,nan,nan,nan
