nan,nan,nan
nan,nan,nan
nan,nan,nan
5.93600,2.77000,4.26000
5.00600,3.42800,1.46200
